recipe_id,import_key,name,category,cuisine,householdCount
THA-001,tha_original:THA-001,"Apple, Oat & Cinnamon Morning Bowl",breakfast,British family kitchen,10
THA-002,tha_original:THA-002,"Chickpea, Lemon & Spinach Soup",lunch,Mediterranean-inspired,20
THA-003,tha_original:THA-003,Basil Tomato Wholewheat Pasta,dinner,Italian-inspired,33
THA-004,tha_original:THA-004,"Golden Potato, Chickpea & Spinach Curry",dinner,Indian-inspired,40
THA-005,tha_original:THA-005,Gentle Taco Rice Bowls,dinner,Mexican-inspired,30
THA-006,tha_original:THA-006,Roast Vegetable & Butter Bean Traybake,dinner,Mediterranean-inspired,39
THA-007,tha_original:THA-007,"Chicken, Leek & Wholewheat Orzo One-Pot",dinner,British-Mediterranean family kitchen,21
THA-008,tha_original:THA-008,Lentil & Root Vegetable Cottage Pie,dinner,British family kitchen,26
THA-009,tha_original:THA-009,"Salmon, Broccoli & Brown Rice Traybake",dinner,Nordic-Mediterranean inspired,17
THA-010,tha_original:THA-010,"Roasted Carrot, Chickpea & Herb Grain Salad",side,Middle Eastern-inspired,9
THA-011,tha_original:THA-011,"Pakistani-Style Feta, Parsnip & Cauliflower Egg Skillet",breakfast,Pakistani-inspired,15
THA-012,tha_original:THA-012,"Malaysian-Style Cottage Cheese, Asparagus & Peas Breakfast Wrap",breakfast,Malaysian-inspired,23
THA-013,tha_original:THA-013,"North African-Style Lentil, Celery & Mushroom Toast Plate",breakfast,North African-inspired,25
THA-014,tha_original:THA-014,"Californian-Style Split Pea, Broccoli & Fennel Breakfast Hash",breakfast,Californian-inspired,13
THA-015,tha_original:THA-015,"French country-Style Cod, Red Pepper & Pumpkin Egg Skillet",breakfast,French country-inspired,15
THA-016,tha_original:THA-016,"Pakistani-Style Feta, Tomato & Green Bean Breakfast Wrap",breakfast,Pakistani-inspired,10
THA-017,tha_original:THA-017,"Malaysian-Style Cottage Cheese, Peas & Pumpkin Toast Plate",breakfast,Malaysian-inspired,10
THA-018,tha_original:THA-018,"North African-Style Edamame, Cabbage & Celery Breakfast Hash",breakfast,North African-inspired,12
THA-019,tha_original:THA-019,"Californian-Style Cannellini Bean, Radish & Aubergine Egg Skillet",breakfast,Californian-inspired,13
THA-020,tha_original:THA-020,"French country-Style Tuna, Butternut Squash & Red Cabbage Breakfast Wrap",breakfast,French country-inspired,2
THA-021,tha_original:THA-021,"Pakistani-Style Feta, Parsnip & Fennel Toast Plate",breakfast,Pakistani-inspired,10
THA-022,tha_original:THA-022,"Malaysian-Style Cottage Cheese, Asparagus & Spinach Breakfast Hash",breakfast,Malaysian-inspired,11
THA-023,tha_original:THA-023,"North African-Style Haricot Bean, Celery & Cherry Tomato Egg Skillet",breakfast,North African-inspired,13
THA-024,tha_original:THA-024,"Californian-Style Lentil, Broccoli & Radish Breakfast Wrap",breakfast,Californian-inspired,8
THA-025,tha_original:THA-025,"French country-Style Sardine, Red Pepper & Pak Choi Toast Plate",breakfast,French country-inspired,2
THA-026,tha_original:THA-026,"Pakistani-Style Feta, Tomato & Cauliflower Breakfast Hash",breakfast,Pakistani-inspired,1
THA-027,tha_original:THA-027,"Malaysian-Style Cottage Cheese, Peas & Cauliflower Egg Skillet",breakfast,Malaysian-inspired,1
THA-028,tha_original:THA-028,"North African-Style Black Bean, Cabbage & Mushroom Breakfast Wrap",breakfast,North African-inspired,1
THA-029,tha_original:THA-029,"Californian-Style Edamame, Radish & Fennel Toast Plate",breakfast,Californian-inspired,2
THA-030,tha_original:THA-030,"French country-Style Mackerel, Butternut Squash & Red Pepper Breakfast Hash",breakfast,French country-inspired,2
THA-031,tha_original:THA-031,"Pakistani-Style Feta, Parsnip & Green Bean Egg Skillet",breakfast,Pakistani-inspired,1
THA-032,tha_original:THA-032,"Malaysian-Style Cottage Cheese, Asparagus & Pumpkin Breakfast Wrap",breakfast,Malaysian-inspired,1
THA-033,tha_original:THA-033,"North African-Style Chickpea, Celery & Cherry Tomato Toast Plate",breakfast,North African-inspired,1
THA-034,tha_original:THA-034,"Californian-Style Haricot Bean, Broccoli & Aubergine Breakfast Hash",breakfast,Californian-inspired,1
THA-035,tha_original:THA-035,"French country-Style Cod, Red Pepper & Red Cabbage Egg Skillet",breakfast,French country-inspired,4
THA-042,tha_original:THA-042,"Malaysian-Style Cottage Cheese, Asparagus & Peas Breakfast Hash",breakfast,Malaysian-inspired,1
THA-043,tha_original:THA-043,"North African-Style Kidney Bean, Celery & Mushroom Egg Skillet",breakfast,North African-inspired,1
THA-044,tha_original:THA-044,"Californian-Style Chickpea, Broccoli & Fennel Breakfast Wrap",breakfast,Californian-inspired,1
THA-045,tha_original:THA-045,"French country-Style Sardine, Red Pepper & Pumpkin Toast Plate",breakfast,French country-inspired,1
THA-046,tha_original:THA-046,"Pakistani-Style Feta, Tomato & Green Bean Breakfast Hash",breakfast,Pakistani-inspired,1
THA-047,tha_original:THA-047,"Malaysian-Style Cottage Cheese, Peas & Pumpkin Egg Skillet",breakfast,Malaysian-inspired,1
THA-048,tha_original:THA-048,"North African-Style Butter Bean, Cabbage & Celery Breakfast Wrap",breakfast,North African-inspired,1
THA-049,tha_original:THA-049,"Californian-Style Tofu, Radish & Aubergine Toast Plate",breakfast,Californian-inspired,2
THA-050,tha_original:THA-050,"French country-Style Mackerel, Butternut Squash & Red Cabbage Breakfast Hash",breakfast,French country-inspired,1
THA-054,tha_original:THA-054,"Californian-Style Kidney Bean, Broccoli & Radish Breakfast Hash",breakfast,Californian-inspired,1
THA-056,tha_original:THA-056,"Pakistani-Style Feta, Tomato & Cauliflower Breakfast Wrap",breakfast,Pakistani-inspired,1
THA-057,tha_original:THA-057,"Malaysian-Style Cottage Cheese, Peas & Cauliflower Toast Plate",breakfast,Malaysian-inspired,1
THA-060,tha_original:THA-060,"French country-Style Tuna, Butternut Squash & Red Pepper Breakfast Wrap",breakfast,French country-inspired,1
THA-061,tha_original:THA-061,"Pakistani-Style Feta, Parsnip & Green Bean Toast Plate",breakfast,Pakistani-inspired,2
THA-063,tha_original:THA-063,"North African-Style Cannellini Bean, Celery & Cherry Tomato Egg Skillet",breakfast,North African-inspired,1
THA-064,tha_original:THA-064,"Californian-Style Green Pea, Broccoli & Aubergine Breakfast Wrap",breakfast,Californian-inspired,1
THA-067,tha_original:THA-067,"Malaysian-Style Cottage Cheese, Peas & Spinach Egg Skillet",breakfast,Malaysian-inspired,2
THA-070,tha_original:THA-070,"French country-Style Mackerel, Butternut Squash & Pak Choi Breakfast Hash",breakfast,French country-inspired,1
THA-071,tha_original:THA-071,"Pakistani-Style Feta, Parsnip & Cauliflower Egg Skillet 2",breakfast,Pakistani-inspired,1
THA-074,tha_original:THA-074,"Californian-Style Cannellini Bean, Broccoli & Fennel Breakfast Hash",breakfast,Californian-inspired,1
THA-077,tha_original:THA-077,"Malaysian-Style Cottage Cheese, Peas & Pumpkin Toast Plate 2",breakfast,Malaysian-inspired,1
THA-079,tha_original:THA-079,"Californian-Style Lentil, Radish & Aubergine Egg Skillet",breakfast,Californian-inspired,1
THA-080,tha_original:THA-080,"French country-Style Tuna, Butternut Squash & Red Cabbage Breakfast Wrap 2",breakfast,French country-inspired,2
THA-084,tha_original:THA-084,"Californian-Style Edamame, Broccoli & Radish Breakfast Wrap",breakfast,Californian-inspired,1
THA-085,tha_original:THA-085,"Moroccan-Style Butter Bean, Pumpkin & Green Bean Jacket Potato",lunch,Moroccan-inspired,18
THA-086,tha_original:THA-086,"Thai-Style Sardine, Kale & Pumpkin Frittata",lunch,Thai-inspired,15
THA-087,tha_original:THA-087,"Peruvian-Style Halloumi, Fennel & Celery Lunch Bowl",lunch,Peruvian-inspired,13
THA-088,tha_original:THA-088,"British Edamame, Onion & Aubergine Stuffed Pitta",lunch,British family kitchen,24
THA-089,tha_original:THA-089,"Mediterranean-Style Tuna, Cauliflower & Red Cabbage Jacket Potato",lunch,Mediterranean-inspired,12
THA-090,tha_original:THA-090,"Moroccan-Style Egg, Courgette & Parsnip Frittata",lunch,Moroccan-inspired,14
THA-091,tha_original:THA-091,"Thai-Style Kidney Bean, Cherry Tomato & Spinach Lunch Bowl",lunch,Thai-inspired,22
THA-092,tha_original:THA-092,"Peruvian-Style Cod, Sweetcorn & Cherry Tomato Stuffed Pitta",lunch,Peruvian-inspired,17
THA-093,tha_original:THA-093,"British Feta, Red Cabbage & Radish Jacket Potato",lunch,British family kitchen,11
THA-094,tha_original:THA-094,"Mediterranean-Style Lentil, Cucumber & Pak Choi Frittata",lunch,Mediterranean-inspired,10
THA-095,tha_original:THA-095,"Moroccan-Style Mackerel, Pumpkin & Cauliflower Lunch Bowl",lunch,Moroccan-inspired,9
THA-096,tha_original:THA-096,"Thai-Style Greek Yoghurt, Kale & Peas Stuffed Pitta",lunch,Thai-inspired,14
THA-097,tha_original:THA-097,"Peruvian-Style Tofu, Fennel & Mushroom Jacket Potato",lunch,Peruvian-inspired,8
THA-098,tha_original:THA-098,"British Sardine, Onion & Fennel Frittata",lunch,British family kitchen,8
THA-099,tha_original:THA-099,"Mediterranean-Style Cottage Cheese, Cauliflower & Red Pepper Lunch Bowl",lunch,Mediterranean-inspired,11
THA-100,tha_original:THA-100,"Moroccan-Style Cannellini Bean, Courgette & Green Bean Stuffed Pitta",lunch,Moroccan-inspired,9
THA-101,tha_original:THA-101,"Thai-Style Tuna, Cherry Tomato & Pumpkin Jacket Potato",lunch,Thai-inspired,12
THA-102,tha_original:THA-102,"Peruvian-Style Halloumi, Sweetcorn & Celery Frittata",lunch,Peruvian-inspired,6
THA-103,tha_original:THA-103,"British Chickpea, Red Cabbage & Aubergine Lunch Bowl",lunch,British family kitchen,13
THA-104,tha_original:THA-104,"Mediterranean-Style Cod, Cucumber & Red Cabbage Stuffed Pitta",lunch,Mediterranean-inspired,10
THA-105,tha_original:THA-105,"Moroccan-Style Egg, Pumpkin & Parsnip Jacket Potato",lunch,Moroccan-inspired,10
THA-106,tha_original:THA-106,"Thai-Style Split Pea, Kale & Spinach Frittata",lunch,Thai-inspired,10
THA-107,tha_original:THA-107,"Peruvian-Style Mackerel, Fennel & Cherry Tomato Lunch Bowl",lunch,Peruvian-inspired,6
THA-108,tha_original:THA-108,"British Feta, Onion & Radish Stuffed Pitta",lunch,British family kitchen,9
THA-109,tha_original:THA-109,"Mediterranean-Style Black Bean, Cauliflower & Pak Choi Jacket Potato",lunch,Mediterranean-inspired,8
THA-110,tha_original:THA-110,"Moroccan-Style Sardine, Courgette & Cauliflower Frittata",lunch,Moroccan-inspired,7
THA-111,tha_original:THA-111,"Thai-Style Greek Yoghurt, Cherry Tomato & Peas Lunch Bowl",lunch,Thai-inspired,6
THA-112,tha_original:THA-112,"Peruvian-Style Green Pea, Sweetcorn & Mushroom Stuffed Pitta",lunch,Peruvian-inspired,4
THA-113,tha_original:THA-113,"British Tuna, Red Cabbage & Fennel Jacket Potato",lunch,British family kitchen,7
THA-114,tha_original:THA-114,"Mediterranean-Style Cottage Cheese, Cucumber & Red Pepper Frittata",lunch,Mediterranean-inspired,2
THA-115,tha_original:THA-115,"Moroccan-Style Haricot Bean, Pumpkin & Green Bean Lunch Bowl",lunch,Moroccan-inspired,4
THA-116,tha_original:THA-116,"Thai-Style Cod, Kale & Pumpkin Stuffed Pitta",lunch,Thai-inspired,3
THA-117,tha_original:THA-117,"Peruvian-Style Halloumi, Fennel & Celery Jacket Potato",lunch,Peruvian-inspired,1
THA-118,tha_original:THA-118,"British Butter Bean, Onion & Aubergine Frittata",lunch,British family kitchen,6
THA-120,tha_original:THA-120,"Moroccan-Style Egg, Courgette & Parsnip Stuffed Pitta",lunch,Moroccan-inspired,2
THA-121,tha_original:THA-121,"Thai-Style Edamame, Cherry Tomato & Spinach Jacket Potato",lunch,Thai-inspired,2
THA-122,tha_original:THA-122,"Peruvian-Style Sardine, Sweetcorn & Cherry Tomato Frittata",lunch,Peruvian-inspired,2
THA-123,tha_original:THA-123,"British Feta, Red Cabbage & Radish Lunch Bowl",lunch,British family kitchen,2
THA-124,tha_original:THA-124,"Mediterranean-Style Kidney Bean, Cucumber & Pak Choi Stuffed Pitta",lunch,Mediterranean-inspired,1
THA-125,tha_original:THA-125,"Moroccan-Style Tuna, Pumpkin & Cauliflower Jacket Potato",lunch,Moroccan-inspired,2
THA-127,tha_original:THA-127,"Peruvian-Style Lentil, Fennel & Mushroom Lunch Bowl",lunch,Peruvian-inspired,2
THA-128,tha_original:THA-128,"British Cod, Onion & Fennel Stuffed Pitta",lunch,British family kitchen,5
THA-129,tha_original:THA-129,"Mediterranean-Style Cottage Cheese, Cauliflower & Red Pepper Jacket Potato",lunch,Mediterranean-inspired,2
THA-133,tha_original:THA-133,"British Cannellini Bean, Red Cabbage & Aubergine Jacket Potato",lunch,British family kitchen,1
THA-134,tha_original:THA-134,"Mediterranean-Style Sardine, Cucumber & Red Cabbage Frittata",lunch,Mediterranean-inspired,1
THA-135,tha_original:THA-135,"Moroccan-Style Egg, Pumpkin & Parsnip Lunch Bowl",lunch,Moroccan-inspired,2
THA-136,tha_original:THA-136,"Thai-Style Chickpea, Kale & Spinach Stuffed Pitta",lunch,Thai-inspired,1
THA-137,tha_original:THA-137,"Peruvian-Style Tuna, Fennel & Cherry Tomato Jacket Potato",lunch,Peruvian-inspired,1
THA-139,tha_original:THA-139,"Mediterranean-Style Split Pea, Cauliflower & Pak Choi Lunch Bowl",lunch,Mediterranean-inspired,1
THA-142,tha_original:THA-142,"Peruvian-Style Black Bean, Sweetcorn & Mushroom Frittata",lunch,Peruvian-inspired,1
THA-143,tha_original:THA-143,"British Mackerel, Red Cabbage & Fennel Lunch Bowl",lunch,British family kitchen,1
THA-144,tha_original:THA-144,"Mediterranean-Style Cottage Cheese, Cucumber & Red Pepper Stuffed Pitta",lunch,Mediterranean-inspired,1
THA-145,tha_original:THA-145,"Moroccan-Style Green Pea, Pumpkin & Green Bean Jacket Potato",lunch,Moroccan-inspired,2
THA-148,tha_original:THA-148,"British Haricot Bean, Onion & Aubergine Stuffed Pitta",lunch,British family kitchen,2
THA-149,tha_original:THA-149,"Mediterranean-Style Tuna, Cauliflower & Red Cabbage Jacket Potato 2",lunch,Mediterranean-inspired,1
THA-150,tha_original:THA-150,"Moroccan-Style Egg, Courgette & Parsnip Frittata 2",lunch,Moroccan-inspired,1
THA-152,tha_original:THA-152,"Peruvian-Style Cod, Sweetcorn & Cherry Tomato Stuffed Pitta 2",lunch,Peruvian-inspired,2
THA-153,tha_original:THA-153,"British Feta, Red Cabbage & Radish Jacket Potato 2",lunch,British family kitchen,1
THA-155,tha_original:THA-155,"Moroccan-Style Mackerel, Pumpkin & Cauliflower Lunch Bowl 2",lunch,Moroccan-inspired,3
THA-156,tha_original:THA-156,"Thai-Style Greek Yoghurt, Kale & Peas Stuffed Pitta 2",lunch,Thai-inspired,2
THA-157,tha_original:THA-157,"Peruvian-Style Kidney Bean, Fennel & Mushroom Jacket Potato",lunch,Peruvian-inspired,3
THA-159,tha_original:THA-159,"Mediterranean-Style Cottage Cheese, Cauliflower & Red Pepper Lunch Bowl 2",lunch,Mediterranean-inspired,3
THA-160,tha_original:THA-160,"Moroccan-Style Lentil, Courgette & Green Bean Stuffed Pitta",lunch,Moroccan-inspired,1
THA-165,tha_original:THA-165,"Moroccan-Style Egg, Pumpkin & Parsnip Jacket Potato 2",lunch,Moroccan-inspired,2
THA-166,tha_original:THA-166,"Thai-Style Cannellini Bean, Kale & Spinach Frittata",lunch,Thai-inspired,1
THA-167,tha_original:THA-167,"Peruvian-Style Mackerel, Fennel & Cherry Tomato Lunch Bowl 2",lunch,Peruvian-inspired,1
THA-168,tha_original:THA-168,"British Feta, Onion & Radish Stuffed Pitta 2",lunch,British family kitchen,1
THA-169,tha_original:THA-169,"Mediterranean-Style Chickpea, Cauliflower & Pak Choi Jacket Potato",lunch,Mediterranean-inspired,2
THA-170,tha_original:THA-170,"Moroccan-Style Sardine, Courgette & Cauliflower Frittata 2",lunch,Moroccan-inspired,1
THA-171,tha_original:THA-171,"Thai-Style Greek Yoghurt, Cherry Tomato & Peas Lunch Bowl 2",lunch,Thai-inspired,1
THA-175,tha_original:THA-175,"Moroccan-Style Black Bean, Pumpkin & Green Bean Lunch Bowl",lunch,Moroccan-inspired,1
THA-176,tha_original:THA-176,"Thai-Style Cod, Kale & Pumpkin Stuffed Pitta 2",lunch,Thai-inspired,1
THA-177,tha_original:THA-177,"Peruvian-Style Halloumi, Fennel & Celery Jacket Potato 2",lunch,Peruvian-inspired,1
THA-178,tha_original:THA-178,"British Green Pea, Onion & Aubergine Frittata",lunch,British family kitchen,2
THA-179,tha_original:THA-179,"Mediterranean-Style Mackerel, Cauliflower & Red Cabbage Lunch Bowl 2",lunch,Mediterranean-inspired,1
THA-180,tha_original:THA-180,"Moroccan-Style Egg, Courgette & Parsnip Stuffed Pitta 2",lunch,Moroccan-inspired,2
THA-181,tha_original:THA-181,"Thai-Style Haricot Bean, Cherry Tomato & Spinach Jacket Potato",lunch,Thai-inspired,2
THA-184,tha_original:THA-184,"Mediterranean-Style Butter Bean, Cucumber & Pak Choi Stuffed Pitta",lunch,Mediterranean-inspired,2
THA-185,tha_original:THA-185,"Moroccan-Style Tuna, Pumpkin & Cauliflower Jacket Potato 2",lunch,Moroccan-inspired,1
THA-188,tha_original:THA-188,"British Cod, Onion & Fennel Stuffed Pitta 2",lunch,British family kitchen,1
THA-190,tha_original:THA-190,"Moroccan-Style Kidney Bean, Courgette & Green Bean Frittata",lunch,Moroccan-inspired,3
THA-191,tha_original:THA-191,"Thai-Style Mackerel, Cherry Tomato & Pumpkin Lunch Bowl 2",lunch,Thai-inspired,2
THA-192,tha_original:THA-192,"Peruvian-Style Halloumi, Sweetcorn & Celery Stuffed Pitta 2",lunch,Peruvian-inspired,1
THA-193,tha_original:THA-193,"British Lentil, Red Cabbage & Aubergine Jacket Potato",lunch,British family kitchen,2
THA-194,tha_original:THA-194,"Australian cafe-Style Green Pea, Celery & Cucumber Rice Bowl",dinner,Australian cafe-inspired,24
THA-195,tha_original:THA-195,"Spanish-Style Chicken Thigh, Broccoli & Asparagus Noodle Bowl",dinner,Spanish-inspired,16
THA-196,tha_original:THA-196,"Indian-Style Chickpea, Red Pepper & Carrot Skillet",dinner,Indian-inspired,8
THA-197,tha_original:THA-197,"Indonesian-Style Haricot Bean, Tomato & Sweetcorn One-Pot",dinner,Indonesian-inspired,34
THA-198,tha_original:THA-198,"Ethiopian-Style Chicken Thigh, Peas & Butternut Squash Stew",dinner,Ethiopian-inspired,16
THA-199,tha_original:THA-199,"Australian cafe-Style Split Pea, Cabbage & Beetroot Rice Bowl",dinner,Australian cafe-inspired,12
THA-200,tha_original:THA-200,"Spanish-Style Butter Bean, Radish & Courgette Noodle Bowl",dinner,Spanish-inspired,18
THA-201,tha_original:THA-201,"Indian-Style Chicken Thigh, Butternut Squash & Cabbage Skillet",dinner,Indian-inspired,7
THA-202,tha_original:THA-202,"Indonesian-Style Black Bean, Parsnip & Swede One-Pot",dinner,Indonesian-inspired,16
THA-203,tha_original:THA-203,"Ethiopian-Style Edamame, Asparagus & Onion Stew",dinner,Ethiopian-inspired,6
THA-204,tha_original:THA-204,"Australian cafe-Style Chicken Thigh, Celery & Tomato Rice Bowl",dinner,Australian cafe-inspired,11
THA-205,tha_original:THA-205,"Spanish-Style Green Pea, Broccoli & Spring Onion Noodle Bowl",dinner,Spanish-inspired,15
THA-206,tha_original:THA-206,"Indian-Style Kidney Bean, Red Pepper & Kale Skillet",dinner,Indian-inspired,7
THA-207,tha_original:THA-207,"Indonesian-Style Chicken Thigh, Tomato & Broccoli One-Pot",dinner,Indonesian-inspired,8
THA-208,tha_original:THA-208,"Ethiopian-Style Haricot Bean, Peas & Leek Stew",dinner,Ethiopian-inspired,3
THA-209,tha_original:THA-209,"Australian cafe-Style Lentil, Cabbage & Cucumber Rice Bowl",dinner,Australian cafe-inspired,9
THA-210,tha_original:THA-210,"Spanish-Style Chicken Thigh, Radish & Asparagus Noodle Bowl",dinner,Spanish-inspired,15
THA-211,tha_original:THA-211,"Indian-Style Butter Bean, Butternut Squash & Carrot Skillet",dinner,Indian-inspired,7
THA-212,tha_original:THA-212,"Indonesian-Style Tofu, Parsnip & Sweetcorn One-Pot",dinner,Indonesian-inspired,8
THA-214,tha_original:THA-214,"Australian cafe-Style Edamame, Celery & Beetroot Rice Bowl",dinner,Australian cafe-inspired,5
THA-215,tha_original:THA-215,"Spanish-Style Cannellini Bean, Broccoli & Courgette Noodle Bowl",dinner,Spanish-inspired,18
THA-216,tha_original:THA-216,"Indian-Style Chicken Thigh, Red Pepper & Cabbage Skillet",dinner,Indian-inspired,9
THA-217,tha_original:THA-217,"Indonesian-Style Kidney Bean, Tomato & Swede One-Pot",dinner,Indonesian-inspired,10
THA-218,tha_original:THA-218,"Ethiopian-Style Chickpea, Peas & Onion Stew",dinner,Ethiopian-inspired,3
THA-219,tha_original:THA-219,"Australian cafe-Style Chicken Thigh, Cabbage & Tomato Rice Bowl",dinner,Australian cafe-inspired,3
THA-220,tha_original:THA-220,"Spanish-Style Lentil, Radish & Spring Onion Noodle Bowl",dinner,Spanish-inspired,20
THA-221,tha_original:THA-221,"Indian-Style Split Pea, Butternut Squash & Kale Skillet",dinner,Indian-inspired,6
THA-222,tha_original:THA-222,"Indonesian-Style Chicken Thigh, Parsnip & Broccoli One-Pot",dinner,Indonesian-inspired,9
THA-224,tha_original:THA-224,"Australian cafe-Style Black Bean, Celery & Cucumber Rice Bowl",dinner,Australian cafe-inspired,3
THA-225,tha_original:THA-225,"Spanish-Style Chicken Thigh, Broccoli & Asparagus Noodle Bowl 2",dinner,Spanish-inspired,15
THA-226,tha_original:THA-226,"Indian-Style Cannellini Bean, Red Pepper & Carrot Skillet",dinner,Indian-inspired,7
THA-227,tha_original:THA-227,"Indonesian-Style Green Pea, Tomato & Sweetcorn One-Pot",dinner,Indonesian-inspired,9
THA-229,tha_original:THA-229,"Australian cafe-Style Chickpea, Cabbage & Beetroot Rice Bowl",dinner,Australian cafe-inspired,4
THA-230,tha_original:THA-230,"Spanish-Style Haricot Bean, Radish & Courgette Noodle Bowl",dinner,Spanish-inspired,10
THA-231,tha_original:THA-231,"Indian-Style Chicken Thigh, Butternut Squash & Cabbage Skillet 2",dinner,Indian-inspired,6
THA-232,tha_original:THA-232,"Indonesian-Style Split Pea, Parsnip & Swede One-Pot",dinner,Indonesian-inspired,9
THA-234,tha_original:THA-234,"Australian cafe-Style Chicken Thigh, Celery & Tomato Rice Bowl 2",dinner,Australian cafe-inspired,4
THA-235,tha_original:THA-235,"Spanish-Style Black Bean, Broccoli & Spring Onion Noodle Bowl",dinner,Spanish-inspired,11
THA-236,tha_original:THA-236,"Indian-Style Edamame, Red Pepper & Kale Skillet",dinner,Indian-inspired,2
THA-237,tha_original:THA-237,"Indonesian-Style Chicken Thigh, Tomato & Broccoli One-Pot 2",dinner,Indonesian-inspired,6
THA-238,tha_original:THA-238,"Ethiopian-Style Green Pea, Peas & Leek Stew",dinner,Ethiopian-inspired,1
THA-239,tha_original:THA-239,"Australian cafe-Style Kidney Bean, Cabbage & Cucumber Rice Bowl",dinner,Australian cafe-inspired,3
THA-240,tha_original:THA-240,"Spanish-Style Chicken Thigh, Radish & Asparagus Noodle Bowl 2",dinner,Spanish-inspired,1
THA-242,tha_original:THA-242,"Indonesian-Style Lentil, Parsnip & Sweetcorn One-Pot",dinner,Indonesian-inspired,1
THA-243,tha_original:THA-243,"Ethiopian-Style Chicken Thigh, Asparagus & Butternut Squash Stew 2",dinner,Ethiopian-inspired,2
THA-244,tha_original:THA-244,"Australian cafe-Style Butter Bean, Celery & Beetroot Rice Bowl",dinner,Australian cafe-inspired,4
THA-245,tha_original:THA-245,"Spanish-Style Tofu, Broccoli & Courgette Noodle Bowl",dinner,Spanish-inspired,2
THA-247,tha_original:THA-247,"Indonesian-Style Edamame, Tomato & Swede One-Pot",dinner,Indonesian-inspired,2
THA-249,tha_original:THA-249,"Australian cafe-Style Chicken Thigh, Cabbage & Tomato Rice Bowl 2",dinner,Australian cafe-inspired,4
THA-250,tha_original:THA-250,"Spanish-Style Kidney Bean, Radish & Spring Onion Noodle Bowl",dinner,Spanish-inspired,1
THA-254,tha_original:THA-254,"Australian cafe-Style Split Pea, Celery & Cucumber Rice Bowl",dinner,Australian cafe-inspired,3
THA-257,tha_original:THA-257,"Indonesian-Style Black Bean, Tomato & Sweetcorn One-Pot",dinner,Indonesian-inspired,1
THA-259,tha_original:THA-259,"Australian cafe-Style Cannellini Bean, Cabbage & Beetroot Rice Bowl",dinner,Australian cafe-inspired,3
THA-261,tha_original:THA-261,"Indian-Style Chicken Thigh, Butternut Squash & Cabbage Skillet 3",dinner,Indian-inspired,1
THA-264,tha_original:THA-264,"Australian cafe-Style Chicken Thigh, Celery & Tomato Rice Bowl 3",dinner,Australian cafe-inspired,3
THA-265,tha_original:THA-265,"Spanish-Style Split Pea, Broccoli & Spring Onion Noodle Bowl",dinner,Spanish-inspired,1
THA-267,tha_original:THA-267,"Indonesian-Style Chicken Thigh, Tomato & Broccoli One-Pot 3",dinner,Indonesian-inspired,1
THA-269,tha_original:THA-269,"Australian cafe-Style Edamame, Cabbage & Cucumber Rice Bowl",dinner,Australian cafe-inspired,4
THA-270,tha_original:THA-270,"Spanish-Style Chicken Thigh, Radish & Asparagus Noodle Bowl 3",dinner,Spanish-inspired,1
THA-273,tha_original:THA-273,"Ethiopian-Style Chicken Thigh, Asparagus & Butternut Squash Stew 3",dinner,Ethiopian-inspired,1
THA-274,tha_original:THA-274,"Australian cafe-Style Haricot Bean, Celery & Beetroot Rice Bowl",dinner,Australian cafe-inspired,3
THA-279,tha_original:THA-279,"Australian cafe-Style Chicken Thigh, Cabbage & Tomato Rice Bowl 3",dinner,Australian cafe-inspired,2
THA-280,tha_original:THA-280,"Spanish-Style Edamame, Radish & Spring Onion Noodle Bowl",dinner,Spanish-inspired,1
THA-282,tha_original:THA-282,"Indonesian-Style Chicken Thigh, Parsnip & Broccoli One-Pot 3",dinner,Indonesian-inspired,1
THA-283,tha_original:THA-283,"Ethiopian-Style Kidney Bean, Asparagus & Leek Stew",dinner,Ethiopian-inspired,1
THA-284,tha_original:THA-284,"Australian cafe-Style Chickpea, Celery & Cucumber Rice Bowl",dinner,Australian cafe-inspired,3
THA-286,tha_original:THA-286,"Indian-Style Lentil, Red Pepper & Carrot Skillet",dinner,Indian-inspired,1
THA-287,tha_original:THA-287,"Indonesian-Style Split Pea, Tomato & Sweetcorn One-Pot",dinner,Indonesian-inspired,1
THA-289,tha_original:THA-289,"Australian cafe-Style Tofu, Cabbage & Beetroot Rice Bowl",dinner,Australian cafe-inspired,3
THA-292,tha_original:THA-292,"Indonesian-Style Cannellini Bean, Parsnip & Swede One-Pot",dinner,Indonesian-inspired,1
THA-294,tha_original:THA-294,"Australian cafe-Style Chicken Thigh, Celery & Tomato Rice Bowl 4",dinner,Australian cafe-inspired,3
THA-295,tha_original:THA-295,"Spanish-Style Chickpea, Broccoli & Spring Onion Noodle Bowl",dinner,Spanish-inspired,2
THA-296,tha_original:THA-296,"Indian-Style Haricot Bean, Red Pepper & Kale Skillet",dinner,Indian-inspired,1
THA-297,tha_original:THA-297,"Indonesian-Style Chicken Thigh, Tomato & Broccoli One-Pot 4",dinner,Indonesian-inspired,1
THA-299,tha_original:THA-299,"Australian cafe-Style Butter Bean, Cabbage & Cucumber Rice Bowl",dinner,Australian cafe-inspired,4
THA-300,tha_original:THA-300,"Spanish-Style Chicken Thigh, Radish & Asparagus Noodle Bowl 4",dinner,Spanish-inspired,1
THA-304,tha_original:THA-304,"Australian cafe-Style Green Pea, Celery & Beetroot Rice Bowl",dinner,Australian cafe-inspired,3
THA-305,tha_original:THA-305,"Spanish-Style Kidney Bean, Broccoli & Courgette Noodle Bowl",dinner,Spanish-inspired,1
THA-307,tha_original:THA-307,"Indonesian-Style Haricot Bean, Tomato & Swede One-Pot",dinner,Indonesian-inspired,1
THA-309,tha_original:THA-309,"Australian cafe-Style Chicken Thigh, Cabbage & Tomato Rice Bowl 4",dinner,Australian cafe-inspired,4
THA-313,tha_original:THA-313,"Ethiopian-Style Edamame, Asparagus & Leek Stew",dinner,Ethiopian-inspired,1
THA-314,tha_original:THA-314,"Australian cafe-Style Cannellini Bean, Celery & Cucumber Rice Bowl",dinner,Australian cafe-inspired,4
THA-317,tha_original:THA-317,"Indonesian-Style Chickpea, Tomato & Sweetcorn One-Pot",dinner,Indonesian-inspired,1
THA-319,tha_original:THA-319,"Australian cafe-Style Lentil, Cabbage & Beetroot Rice Bowl",dinner,Australian cafe-inspired,3
THA-321,tha_original:THA-321,"Indian-Style Chicken Thigh, Butternut Squash & Cabbage Skillet 5",dinner,Indian-inspired,1
THA-324,tha_original:THA-324,"Australian cafe-Style Chicken Thigh, Celery & Tomato Rice Bowl 5",dinner,Australian cafe-inspired,3
THA-325,tha_original:THA-325,"Spanish-Style Cannellini Bean, Broccoli & Spring Onion Noodle Bowl",dinner,Spanish-inspired,1
THA-327,tha_original:THA-327,"Indonesian-Style Chicken Thigh, Tomato & Broccoli One-Pot 5",dinner,Indonesian-inspired,1
THA-329,tha_original:THA-329,"Australian cafe-Style Haricot Bean, Cabbage & Cucumber Rice Bowl",dinner,Australian cafe-inspired,4
THA-331,tha_original:THA-331,"Indian-Style Split Pea, Butternut Squash & Carrot Skillet",dinner,Indian-inspired,1
THA-334,tha_original:THA-334,"Australian cafe-Style Black Bean, Celery & Beetroot Rice Bowl",dinner,Australian cafe-inspired,4
THA-335,tha_original:THA-335,"Spanish-Style Edamame, Broccoli & Courgette Noodle Bowl",dinner,Spanish-inspired,1
THA-339,tha_original:THA-339,"Australian cafe-Style Chicken Thigh, Cabbage & Tomato Rice Bowl 5",dinner,Australian cafe-inspired,3
THA-340,tha_original:THA-340,"Spanish-Style Haricot Bean, Radish & Spring Onion Noodle Bowl",dinner,Spanish-inspired,1
THA-344,tha_original:THA-344,"Australian cafe-Style Tofu, Celery & Cucumber Rice Bowl",dinner,Australian cafe-inspired,3
THA-348,tha_original:THA-348,"Ethiopian-Style Chicken Thigh, Peas & Butternut Squash Stew 6",dinner,Ethiopian-inspired,1
THA-349,tha_original:THA-349,"Australian cafe-Style Kidney Bean, Cabbage & Beetroot Rice Bowl",dinner,Australian cafe-inspired,3
THA-350,tha_original:THA-350,"Spanish-Style Chickpea, Radish & Courgette Noodle Bowl",dinner,Spanish-inspired,1
THA-354,tha_original:THA-354,"Australian cafe-Style Chicken Thigh, Celery & Tomato Rice Bowl 6",dinner,Australian cafe-inspired,2
THA-355,tha_original:THA-355,"Spanish-Style Tofu, Broccoli & Spring Onion Noodle Bowl",dinner,Spanish-inspired,1
THA-359,tha_original:THA-359,"Australian cafe-Style Green Pea, Cabbage & Cucumber Rice Bowl",dinner,Australian cafe-inspired,3
THA-364,tha_original:THA-364,"Australian cafe-Style Split Pea, Celery & Beetroot Rice Bowl",dinner,Australian cafe-inspired,6
THA-366,tha_original:THA-366,"Indian-Style Chicken Thigh, Red Pepper & Cabbage Skillet 6",dinner,Indian-inspired,1
THA-367,tha_original:THA-367,"Indonesian-Style Black Bean, Tomato & Swede One-Pot",dinner,Indonesian-inspired,1
THA-369,tha_original:THA-369,"Australian cafe-Style Chicken Thigh, Cabbage & Tomato Rice Bowl 6",dinner,Australian cafe-inspired,5
THA-370,tha_original:THA-370,"Spanish-Style Green Pea, Radish & Spring Onion Noodle Bowl",dinner,Spanish-inspired,2
THA-374,tha_original:THA-374,"Australian cafe-Style Lentil, Celery & Cucumber Rice Bowl",dinner,Australian cafe-inspired,5
THA-379,tha_original:THA-379,"Australian cafe-Style Edamame, Cabbage & Beetroot Rice Bowl",dinner,Australian cafe-inspired,6
THA-380,tha_original:THA-380,"Spanish-Style Cannellini Bean, Radish & Courgette Noodle Bowl",dinner,Spanish-inspired,1
THA-383,tha_original:THA-383,"Ethiopian-Style Chickpea, Asparagus & Onion Stew",dinner,Ethiopian-inspired,1
THA-384,tha_original:THA-384,"Australian cafe-Style Chicken Thigh, Celery & Tomato Rice Bowl 7",dinner,Australian cafe-inspired,4
THA-385,tha_original:THA-385,"Spanish-Style Lentil, Broccoli & Spring Onion Noodle Bowl",dinner,Spanish-inspired,1
THA-389,tha_original:THA-389,"Australian cafe-Style Black Bean, Cabbage & Cucumber Rice Bowl",dinner,Australian cafe-inspired,4
THA-391,tha_original:THA-391,"Indian-Style Cannellini Bean, Butternut Squash & Carrot Skillet",dinner,Indian-inspired,2
THA-393,tha_original:THA-393,"Ethiopian-Style Chicken Thigh, Asparagus & Butternut Squash Stew 7",dinner,Ethiopian-inspired,1
THA-394,tha_original:THA-394,"Australian cafe-Style Chickpea, Celery & Beetroot Rice Bowl",dinner,Australian cafe-inspired,3
THA-397,tha_original:THA-397,"Indonesian-Style Split Pea, Tomato & Swede One-Pot",dinner,Indonesian-inspired,1
THA-399,tha_original:THA-399,"Australian cafe-Style Chicken Thigh, Cabbage & Tomato Rice Bowl 7",dinner,Australian cafe-inspired,1
THA-400,tha_original:THA-400,"Spanish-Style Black Bean, Radish & Spring Onion Noodle Bowl",dinner,Spanish-inspired,1
THA-404,tha_original:THA-404,"Australian cafe-Style Kidney Bean, Celery & Cucumber Rice Bowl",dinner,Australian cafe-inspired,3
THA-406,tha_original:THA-406,"Indian-Style Haricot Bean, Red Pepper & Carrot Skillet",dinner,Indian-inspired,1
THA-410,tha_original:THA-410,"Spanish-Style Tofu, Radish & Courgette Noodle Bowl",dinner,Spanish-inspired,1
THA-412,tha_original:THA-412,"Indonesian-Style Edamame, Parsnip & Swede One-Pot",dinner,Indonesian-inspired,1
THA-413,tha_original:THA-413,"Ethiopian-Style Cannellini Bean, Asparagus & Onion Stew",dinner,Ethiopian-inspired,1
THA-414,tha_original:THA-414,"Australian cafe-Style Chicken Thigh, Celery & Tomato Rice Bowl 8",dinner,Australian cafe-inspired,1
THA-415,tha_original:THA-415,"Spanish-Style Kidney Bean, Broccoli & Spring Onion Noodle Bowl",dinner,Spanish-inspired,1
THA-418,tha_original:THA-418,"Ethiopian-Style Lentil, Peas & Leek Stew",dinner,Ethiopian-inspired,1
THA-419,tha_original:THA-419,"Australian cafe-Style Split Pea, Cabbage & Cucumber Rice Bowl",dinner,Australian cafe-inspired,3
THA-424,tha_original:THA-424,"Australian cafe-Style Cannellini Bean, Celery & Beetroot Rice Bowl",dinner,Australian cafe-inspired,4
THA-426,tha_original:THA-426,"Indian-Style Chicken Thigh, Red Pepper & Cabbage Skillet 8",dinner,Indian-inspired,2
THA-429,tha_original:THA-429,"Australian cafe-Style Chicken Thigh, Cabbage & Tomato Rice Bowl 8",dinner,Australian cafe-inspired,3
THA-434,tha_original:THA-434,"Australian cafe-Style Edamame, Celery & Cucumber Rice Bowl",dinner,Australian cafe-inspired,5
THA-435,tha_original:THA-435,"Spanish-Style Chicken Thigh, Broccoli & Asparagus Noodle Bowl 9",dinner,Spanish-inspired,1
THA-436,tha_original:THA-436,"Indian-Style Green Pea, Red Pepper & Carrot Skillet",dinner,Indian-inspired,1
THA-439,tha_original:THA-439,"Australian cafe-Style Haricot Bean, Cabbage & Beetroot Rice Bowl",dinner,Australian cafe-inspired,5
THA-440,tha_original:THA-440,"Spanish-Style Lentil, Radish & Courgette Noodle Bowl",dinner,Spanish-inspired,1
THA-444,tha_original:THA-444,"Australian cafe-Style Chicken Thigh, Celery & Tomato Rice Bowl 9",dinner,Australian cafe-inspired,4
THA-445,tha_original:THA-445,"Spanish-Style Edamame, Broccoli & Spring Onion Noodle Bowl",dinner,Spanish-inspired,1
THA-446,tha_original:THA-446,"Indian-Style Cannellini Bean, Red Pepper & Kale Skillet",dinner,Indian-inspired,1
THA-449,tha_original:THA-449,"Australian cafe-Style Chickpea, Cabbage & Cucumber Rice Bowl",dinner,Australian cafe-inspired,4
THA-454,tha_original:THA-454,"Australian cafe-Style Tofu, Celery & Beetroot Rice Bowl",dinner,Australian cafe-inspired,5
THA-455,tha_original:THA-455,"Spanish-Style Black Bean, Broccoli & Courgette Noodle Bowl",dinner,Spanish-inspired,1
THA-457,tha_original:THA-457,"Chinese-Style Red Cabbage, Green Bean & Split Pea Roasted Veg",side,Chinese-inspired,11
THA-458,tha_original:THA-458,"West African-Style Cucumber, Pumpkin & Cod Herb Potatoes",side,West African-inspired,11
THA-459,tha_original:THA-459,"Georgian-Style Pumpkin, Celery & Feta Slaw",side,Georgian-inspired,10
THA-460,tha_original:THA-460,"Greek-Style Kale, Aubergine & Black Bean Bean Salad",side,Greek-inspired,11
THA-461,tha_original:THA-461,"Persian-Style Fennel, Red Cabbage & Mackerel Grain Salad",side,Persian-inspired,5
THA-462,tha_original:THA-462,"Chinese-Style Onion, Parsnip & Greek Yoghurt Roasted Veg",side,Chinese-inspired,1
THA-463,tha_original:THA-463,"West African-Style Cauliflower, Spinach & Green Pea Herb Potatoes",side,West African-inspired,3
THA-464,tha_original:THA-464,"Georgian-Style Courgette, Cherry Tomato & Sardine Slaw",side,Georgian-inspired,1
THA-465,tha_original:THA-465,"Greek-Style Cherry Tomato, Radish & Cottage Cheese Bean Salad",side,Greek-inspired,2
THA-466,tha_original:THA-466,"Persian-Style Sweetcorn, Pak Choi & Haricot Bean Grain Salad",side,Persian-inspired,3
THA-467,tha_original:THA-467,"Chinese-Style Red Cabbage, Cauliflower & Tuna Roasted Veg",side,Chinese-inspired,4
THA-468,tha_original:THA-468,"West African-Style Cucumber, Peas & Halloumi Herb Potatoes",side,West African-inspired,2
THA-469,tha_original:THA-469,"Georgian-Style Pumpkin, Mushroom & Butter Bean Slaw",side,Georgian-inspired,5
THA-470,tha_original:THA-470,"Greek-Style Kale, Fennel & Cod Bean Salad",side,Greek-inspired,1
THA-471,tha_original:THA-471,"Persian-Style Fennel, Red Pepper & Egg Grain Salad",side,Persian-inspired,1
THA-473,tha_original:THA-473,"West African-Style Cauliflower, Pumpkin & Mackerel Herb Potatoes",side,West African-inspired,2
THA-474,tha_original:THA-474,"Georgian-Style Courgette, Celery & Feta Slaw",side,Georgian-inspired,2
THA-475,tha_original:THA-475,"Greek-Style Cherry Tomato, Aubergine & Kidney Bean Bean Salad",side,Greek-inspired,2
THA-476,tha_original:THA-476,"Persian-Style Sweetcorn, Red Cabbage & Sardine Grain Salad",side,Persian-inspired,1
THA-477,tha_original:THA-477,"Chinese-Style Red Cabbage, Parsnip & Greek Yoghurt Roasted Veg",side,Chinese-inspired,4
THA-478,tha_original:THA-478,"West African-Style Cucumber, Spinach & Lentil Herb Potatoes",side,West African-inspired,2
THA-479,tha_original:THA-479,"Georgian-Style Pumpkin, Cherry Tomato & Tuna Slaw",side,Georgian-inspired,3
THA-480,tha_original:THA-480,"Greek-Style Kale, Radish & Cottage Cheese Bean Salad",side,Greek-inspired,2
THA-481,tha_original:THA-481,"Greek-Style Cauliflower, Green Bean & Butter Bean Oat Bars",snack,Greek-inspired,23
THA-482,tha_original:THA-482,"Persian-Style Courgette, Pumpkin & Tofu Seeded Muffins",snack,Persian-inspired,19
THA-483,tha_original:THA-483,"Chinese-Style Cherry Tomato, Celery & Egg Snack Bites",snack,Chinese-inspired,22
THA-484,tha_original:THA-484,"West African-Style Sweetcorn, Aubergine & Edamame Dip Plate",snack,West African-inspired,21
THA-485,tha_original:THA-485,"Georgian-Style Red Cabbage, Spinach & Cannellini Bean Fruit Pot",snack,Georgian-inspired,25
THA-486,tha_original:THA-486,"Greek-Style Cucumber, Parsnip & Feta Oat Bars",snack,Greek-inspired,8
THA-487,tha_original:THA-487,"Persian-Style Pumpkin, Spinach & Kidney Bean Seeded Muffins",snack,Persian-inspired,9
THA-488,tha_original:THA-488,"Chinese-Style Kale, Cherry Tomato & Chickpea Snack Bites",snack,Chinese-inspired,4
THA-489,tha_original:THA-489,"West African-Style Fennel, Radish & Greek Yoghurt Dip Plate",snack,West African-inspired,7
THA-490,tha_original:THA-490,"Georgian-Style Onion, Pak Choi & Lentil Fruit Pot",snack,Georgian-inspired,5
THA-491,tha_original:THA-491,"Greek-Style Cauliflower, Aubergine & Split Pea Oat Bars",snack,Greek-inspired,2
THA-492,tha_original:THA-492,"Persian-Style Courgette, Peas & Cottage Cheese Seeded Muffins",snack,Persian-inspired,5
THA-493,tha_original:THA-493,"Chinese-Style Cherry Tomato, Mushroom & Tofu Snack Bites",snack,Chinese-inspired,3
THA-494,tha_original:THA-494,"West African-Style Sweetcorn, Fennel & Black Bean Dip Plate",snack,West African-inspired,2
THA-495,tha_original:THA-495,"Georgian-Style Red Cabbage, Red Pepper & Halloumi Fruit Pot",snack,Georgian-inspired,4
THA-496,tha_original:THA-496,"Greek-Style Cucumber, Green Bean & Cannellini Bean Oat Bars",snack,Greek-inspired,4
THA-497,tha_original:THA-497,"Persian-Style Pumpkin, Green Bean & Green Pea Seeded Muffins",snack,Persian-inspired,4
THA-498,tha_original:THA-498,"Chinese-Style Kale, Celery & Egg Snack Bites",snack,Chinese-inspired,7
THA-499,tha_original:THA-499,"West African-Style Fennel, Aubergine & Chickpea Dip Plate",snack,West African-inspired,3
THA-500,tha_original:THA-500,"Georgian-Style Onion, Red Cabbage & Haricot Bean Fruit Pot",snack,Georgian-inspired,3
